Acc_x,Acc_y,Acc_z,Gyro_x,Gyro_y,Gyro_z,Activity
-9.765625,52.978516,1046.264648,13.345543,-15.624325,1.190546,2
-912.902832,-5.065918,-309.814453,-3.311157,0.015259,-0.297546,1
-1645.446777,-268.493652,-52.307129,129.821777,90.309143,30.677795,3
-68.603516,-96.801758,1032.592773,-15.501198,10.559757,0.38183,2
5.004883,-107.055664,1029.47998,3.030602,33.302982,0.984553,2
34.973145,-16.113281,865.478516,15.321556,5.799015,13.100031,2
-145.751953,213.500977,-395.996094,70.610046,-27.503967,-68.069458,3
-1178.771973,-281.37207,159.667969,-47.294617,22.079468,31.532288,3
-910.339355,-1.342773,-315.612793,2.838135,-1.708984,-0.228882,1
723.571777,-172.790527,49.743652,-61.36322,4.53949,-10.3302,3
-139.099121,-118.469238,1006.347656,-5.590614,-39.153378,-0.510809,2
56.945801,-68.054199,1102.478027,9.752098,-0.518124,0.328425,2
-136.535645,57.006836,841.61377,10.759178,19.455631,-11.100409,2
-67.199707,169.799805,-255.432129,-54.039001,-23.094177,28.808594,3
-914.0625,5.67627,-323.059082,4.737854,0.030518,0.457764,1
-8.178711,-47.485352,1028.747559,-26.464638,13.306339,4.082087,2
-117.675781,9.70459,843.200684,12.582603,16.808231,-13.73255,2
-79.956055,-57.006836,1079.223633,18.480125,-8.391659,1.083735,2
99.975586,-137.451172,1026.611328,-12.212929,19.47089,-12.405035,2
-1265.808105,-26.977539,338.07373,52.093506,38.490295,-32.699585,3
-1443.237305,-444.335938,586.608887,-35.713196,53.344727,42.46521,3
41.320801,108.032227,966.369629,3.869835,0.496586,-17.577765,2
-306.945801,54.077148,-698.608398,26.565552,-24.543762,-47.836304,3
239.257812,269.287109,125.183105,-2.838135,-53.794861,3.051758,3
-266.662598,222.717285,-40.039062,-14.396667,-18.028259,21.369934,3
-255.493164,76.293945,171.813965,-71.968079,-15.24353,14.823914,3
-1192.626953,-369.506836,339.111328,-44.822693,19.309998,16.38031,3
-2000,396.118164,123.779297,20.713806,91.369629,-17.791748,3
-10.925293,-85.571289,992.614746,-18.133339,11.139591,1.495722,2
-134.887695,-93.62793,975.891113,43.12307,-6.888668,-5.126593,2
-633.361816,-897.399902,368.469238,89.637756,72.952271,72.647095,3
-1467.468262,-323.852539,274.597168,34.164429,72.784424,-29.205322,3
211.242676,58.044434,987.060547,-10.893044,-12.267391,-19.416449,2
-1527.282715,248.962402,559.204102,98.762512,-69.908142,-61.660767,3
31.066895,57.678223,1005.554199,13.162437,-0.197689,-11.771795,2
-451.965332,13.671875,57.128906,-62.919617,9.94873,22.521973,3
376.403809,-74.768066,-189.025879,-20.53833,-22.422791,21.347046,3
-2000,-964.782715,164.794922,-70.892334,17.593384,124.420166,3
-913.269043,1.281738,-307.128906,-4.249573,-0.022888,-0.114441,1
-74.645996,-74.951172,976.623535,-11.808571,-4.203121,12.98559,2
-155.395508,-110.900879,962.524414,-3.843483,-17.623226,11.398676,2
47.546387,-34.423828,1072.08252,1.1614,-22.025387,15.648249,2
48.095703,31.005859,998.046875,-11.953529,-4.294674,-18.752691,2
142.028809,41.442871,929.443359,17.236534,5.73035,-10.596869,2
-909.423828,-4.577637,-318.359375,0.717163,-2.365112,-0.007629,1
-643.249512,533.813477,-1085.693359,84.228516,-42.358398,-86.486816,3
32.165527,-40.710449,1076.049805,0.604454,-17.623226,15.831354,2
-56.45752,-44.128418,938.293457,-0.333961,-11.824886,14.442804,2
-12.756348,-84.350586,993.286133,-14.158424,11.757572,3.53277,2
-69.763184,6.286621,1088.623047,19.716087,-0.747006,1.709345,2
-1450.439453,-197.692871,119.506836,-6.950378,81.306458,-24.848938,3
-907.775879,-7.202148,-309.936523,-4.013062,-0.518799,0.106812,1
-111.694336,-121.21582,970.092773,-10.969337,17.33466,-7.209417,2
-31.982422,119.384766,838.806152,-2.447304,4.883488,-20.164129,2
-383.422852,260.131836,-444.458008,72.059631,31.181335,-111.13739,3
13.244629,29.11377,1025.756836,27.162376,-6.957333,-16.692755,2
26.000977,-112.426758,1142.333984,13.322655,0.31348,4.082087,2
-2000,522.277832,356.628418,23.742676,26.123047,-35.446167,3
24.291992,-76.904297,1019.40918,-5.872902,22.293766,6.43194,2
374.938965,248.901367,54.870605,20.317078,-49.499512,-34.14917,3
71.044922,-146.30127,1040.771484,-15.684303,19.135197,-11.626837,2
-121.337891,25.512695,1127.319336,6.051842,2.503117,5.241755,2
-906.738281,-4.333496,-320.129395,-2.487183,-3.158569,-0.679016,1
488.342285,-24.414062,-223.205566,-86.837769,76.721191,-6.156921,3
-2000,41.19873,-398.071289,34.446716,94.085693,29.525757,3
145.446777,32.836914,896.850586,14.253441,3.906925,-9.559271,2
-1275.32959,-566.467285,451.782227,-25.390625,-6.004333,33.195496,3
-1912.414551,-384.94873,-50.476074,-83.480835,-136.772156,-9.788513,3
-2000,199.890137,-661.743164,-103.225708,21.980286,48.141479,3
-736.694336,332.885742,-1302.185059,-32.325745,-36.91864,-77.140808,3
-118.652344,93.383789,854.675293,8.569542,14.328678,-11.07752,2
-102.661133,-160.15625,1043.640137,16.679588,1.908024,-5.40888,2
-114.807129,-133.483887,-757.507324,15.731812,22.895813,-42.610168,3
57.861328,-113.769531,1139.526367,11.316124,1.908024,4.318598,2
209.411621,94.238281,878.78418,-17.309364,-15.197079,-19.607183,2
-0.366211,53.527832,997.558594,6.845299,-11.458675,-5.370733,2
89.72168,-9.216309,1054.382324,4.289452,-15.990536,12.794855,2
101.44043,-106.689453,1132.69043,9.309593,1.366337,5.104425,2
-1413.513184,-151.672363,148.925781,-36.201477,67.970276,-52.688599,3
-1822.32666,99.731445,-49.01123,47.416687,36.613464,-15.785217,3
-22.033691,-67.565918,1002.746582,-11.007484,25.047977,2.678278,2
58.47168,62.62207,-250.488281,-62.973022,-32.218933,36.560059,3
-1607.788086,452.697754,505.92041,50.437927,-64.064026,-95.878601,3
-911.071777,-5.065918,-322.021484,2.075195,-2.349854,0.183105,1
-1365.17334,305.786133,451.843262,30.967712,-21.591187,-48.118591,3
377.685547,113.464355,117.858887,20.751953,0.221252,-26.176453,3
11.474609,-63.903809,1103.271484,3.854576,2.754887,5.348566,2
2.319336,-57.312012,1073.669434,13.810936,-8.384029,1.945856,2
-205.993652,-36.315918,931.45752,-1.585182,-20.079891,-5.965826,2
-6.103516,-108.764648,1129.150391,14.283958,-4.59222,3.181818,2
-910.888672,-7.507324,-312.805176,-1.976013,-2.601624,-0.305176,1
-909.729004,0.183105,-325.317383,-0.404358,-2.212524,-0.465393,1
27.46582,78.918457,979.980469,-2.49308,-8.071224,-12.549994,2
-924.377441,-27.770996,-311.035156,1.556396,-1.548767,-0.091553,1
-112.548828,-88.928223,948.120117,-14.997658,-0.113766,14.641169,2
-437.133789,137.145996,-7.507324,-2.929688,-12.176514,24.505615,3
107.116699,68.725586,776.000977,-4.1334,-9.13171,-16.37232,2
383.056641,240.905762,59.143066,-23.246765,-61.294556,-49.835205,3
-42.297363,7.446289,974.182129,20.31118,1.297672,9.590509,2
-126.647949,-3.112793,1154.23584,2.084557,1.793583,5.333307,2
-912.04834,9.521484,-333.007812,-3.479004,1.594543,0.015259,1
-66.894531,-108.398438,953.063965,1.245323,28.214176,-10.764715,2
537.231445,-1.037598,-224.731445,-26.321411,-18.699646,22.918701,3
-1932.434082,-414.733887,-197.44873,-95.092773,-160.400391,-19.78302,3
21.606445,184.509277,1006.408691,9.202782,-23.406307,20.813349,2
-1619.812012,134.155273,756.103516,73.883057,-36.781311,-71.968079,3
12.145996,44.98291,1022.521973,14.886681,-3.661434,-4.478094,2
-2000,-164.306641,-397.766113,-69.976807,-84.228516,6.454468,3
49.072266,3.845215,1023.132324,36.935631,-2.723019,-21.850225,2
-1511.779785,-27.648926,110.534668,-30.265808,-67.314148,14.335632,3
-197.937012,-64.819336,957.885742,-5.796608,-29.990475,2.823236,2
-905.639648,1.403809,-311.279297,3.288269,-3.15094,0.030518,1
11.779785,-123.046875,1045.349121,0.840965,34.157475,-1.197454,2
-913.635254,2.441406,-319.946289,3.044128,-1.51825,-0.076294,1
96.008301,-77.941895,1005.004883,-9.92411,0.054081,-18.043158,2
-925.109863,-2.197266,-325.98877,3.78418,-3.112793,-0.221252,1
40.710449,-88.684082,1141.845703,4.968468,-5.744259,4.92132,2
-908.508301,-6.347656,-316.040039,-1.88446,-2.067566,0.221252,1
-47.973633,-122.924805,1051.574707,-26.495155,9.453495,0.336054,2
406.921387,-117.126465,-28.930664,-13.282776,-12.542725,0.488281,3
-47.241211,-94.177246,1032.409668,8.806053,9.033878,0.099543,2
74.768066,154.724121,142.028809,-14.74762,-55.480957,3.829956,3
-916.259766,-5.67627,-314.758301,-0.762939,0.778198,-0.114441,1
-88.134766,125.854492,981.689453,14.810387,-26.90057,24.429682,2
165.710449,46.691895,1055.969238,4.525963,-16.593258,0.625971,2
-120.239258,-106.811523,926.452637,1.237694,25.170048,-13.488409,2
-908.081055,-2.441406,-327.636719,1.205444,0.762939,-0.106812,1
-912.17041,-3.90625,-319.091797,-3.807068,1.586914,0.144958,1
-260.986328,-0.061035,988.525391,21.592918,-6.514828,18.631342,2
10.314941,-98.449707,1026.611328,3.961388,30.373295,4.494074,2
21.606445,-77.148438,1030.212402,-6.941017,23.728092,5.264643,2
19.714355,-67.932129,1109.25293,4.228416,-2.822201,-2.448675,2
109.924316,-101.44043,1120.727539,-5.903419,-2.372066,8.766535,2
-50.170898,-84.411621,1009.094238,-24.320778,13.062199,2.884272,2
-119.32373,-102.172852,928.527832,32.022301,7.065495,-17.348883,2
-27.587891,-24.963379,978.45459,8.333031,19.165714,7.789972,2
68.725586,-146.850586,1010.620117,-5.323586,24.307926,-9.238836,2
-1146.66748,-783.203125,300.65918,71.44165,78.285217,43.746948,3
-6.835938,-2.929688,830.566406,11.140648,8.38538,16.334894,2
-452.636719,269.287109,12.084961,42.175293,0.976562,13.48877,3
-1356.872559,527.893066,-962.341309,10.253906,-27.633667,-54.5578,3
18.249512,-101.928711,1165.649414,18.182579,6.416996,1.976374,2
-1051.757812,645.019531,-919.128418,77.232361,-75.462341,-85.472107,3
-31.616211,-102.355957,1020.935059,-28.310951,10.498722,1.510981,2
139.587402,123.10791,1085.754395,4.968468,-19.141476,2.548578,2
197.875977,86.853027,817.749023,-4.827675,-17.165462,-18.203375,2
-1788.513184,-265.197754,-160.644531,-128.509521,-92.880249,2.861023,3
247.314453,99.060059,916.259766,-18.133339,-16.043941,-21.209356,2
194.580078,25.939941,1010.375977,13.63546,-3.669064,-9.368536,2
-57.678223,-1.281738,929.199219,23.454491,2.991398,13.61883,2
-1360.046387,-60.791016,1021.606445,27.069092,-16.716003,-84.083557,3
-43.334961,-114.318848,1239.746094,8.569542,-6.560604,0.00799,2
-916.992188,-15.258789,-312.683105,2.204895,-0.62561,-0.205994,1
-138.73291,-76.049805,969.726562,-15.546974,-6.179134,4.54748,2
-42.358398,-68.786621,1037.658691,-11.152443,14.458378,5.440119,2
-242.126465,-280.273438,213.378906,-47.996521,-5.714417,-49.133301,3
-1843.75,226.5625,16.540527,70.991516,-6.797791,-48.76709,3
698.181152,-74.584961,-203.063965,-53.81012,-26.512146,11.650085,3
34.545898,30.334473,986.633301,-9.04673,-1.95245,-18.104193,2
33.508301,-16.296387,1059.265137,5.914513,-21.4837,14.564875,2
111.999512,182.861328,-459.716797,-2.670288,-44.746399,43.72406,3
-717.590332,-93.505859,68.481445,-69.717407,15.167236,45.639038,3
-918.640137,-12.084961,-312.011719,6.286621,-1.480103,0.160217,1
-266.357422,71.044922,977.355957,19.792381,-23.047726,24.757746,2
67.993164,-73.364258,1089.477539,4.358116,3.998478,7.400873,2
-26.367188,-41.687012,1015.075684,-10.702309,22.736271,8.499506,2
-106.445312,-84.289551,980.712891,-10.465797,13.619144,-7.217047,2
-1934.814453,-179.992676,-281.738281,-44.967651,-104.621887,-4.989624,3
-995.483398,-283.447266,73.425293,29.296875,15.991211,-11.238098,3
-927.062988,-27.526855,-299.377441,-0.976562,0.427246,-0.541687,1
-2000,661.315918,176.574707,92.582703,-130.096436,-24.452209,3
-100.219727,-129.638672,1021.42334,6.891075,-29.891293,5.600336,2
-285.644531,304.870605,-191.223145,10.5896,-10.925293,21.469116,3
-40.405273,-67.382812,1006.896973,7.753197,22.347172,5.470636,2
-2000,315.490723,742.06543,65.582275,-98.114014,70.495605,3
-63.476562,159.423828,984.863281,16.90847,-30.028622,24.277094,2
-43.762207,-90.209961,1214.233398,16.40493,-6.385128,-3.921148,2
95.52002,25.085449,1070.068359,5.250755,-22.36871,17.204645,2
62.866211,49.316406,999.633789,-1.753029,0.69495,-21.148321,2
-1142.272949,-486.755371,211.425781,-15.724182,59.753418,-15.983582,3
-56.57959,70.251465,828.918457,15.382591,6.432255,-14.129278,2
-1210.388184,-830.505371,539.0625,16.685486,82.313538,71.678162,3
-902.893066,-9.216309,-322.570801,2.258301,0.312805,-0.183105,1
-39.916992,-3.295898,912.658691,3.381554,-8.643429,-11.764166,2
137.573242,-87.70752,1117.553711,7.829491,-7.941525,8.20196,2
-650.390625,167.663574,-70.3125,28.800964,-24.414062,20.782471,3
-155.944824,-7.385254,902.34375,-2.355751,-9.162228,-9.719488,2
22.460938,-77.941895,1095.947266,21.035973,-7.99493,-1.617071,2
68.17627,-142.51709,1027.954102,-12.388405,24.300297,-9.894964,2
177.856445,19.592285,989.562988,-12.731728,-15.799801,-20.766851,2
76.782227,-91.918945,1027.526855,8.035484,27.260502,-10.459539,2
-1446.716309,-628.540039,205.13916,-46.798706,-126.38092,-16.036987,3
-42.84668,1.953125,1068.603516,25.033775,-0.472347,0.252131,2
158.081055,18.249512,247.253418,33.52356,-0.831604,-42.121887,3
9.399414,-44.006348,1055.175781,-2.287086,-13.28973,13.885859,2
-1398.986816,-499.87793,608.215332,-63.38501,22.155762,33.805847,3
-905.334473,-0.427246,-318.237305,-2.403259,0.198364,0.038147,1
99.42627,-95.336914,1117.30957,-3.309425,2.846439,7.30932,2
19.348145,-122.314453,1027.404785,-10.755714,28.511723,-4.462835,2
-1448.181152,-380.859375,104.553223,1.152039,68.252563,-16.487122,3
-10.314941,11.901855,1009.70459,21.180931,-3.0816,1.839045,2
137.207031,-60.72998,1132.995605,9.584251,-19.194881,11.635187,2
-4.699707,-121.276855,1011.535645,-0.448402,32.791813,-0.655767,2
-2000,161.437988,-733.703613,-71.868896,80.833435,38.200378,3
-48.400879,-72.20459,968.444824,-3.294167,-10.695736,13.290766,2
-36.865234,-103.57666,1220.336914,5.922142,-10.871212,0.465754,2
-921.325684,-734.130859,105.895996,-19.218445,-21.224976,85.693359,3
-48.461914,-67.749023,1039.855957,-8.901772,16.304691,5.722406,2
-992.126465,-170.166016,67.626953,42.701721,38.909912,5.088806,3
-1745.239258,665.710449,64.63623,40.794373,-81.077576,-45.265198,3
-189.025879,254.211426,-232.23877,-31.829834,-24.543762,23.170471,3
135.253906,92.956543,783.081055,-10.664162,-9.360592,-19.355413,2
-2000,820.19043,-473.327637,-5.081177,91.415405,10.414124,3
-30.456543,9.521484,839.904785,14.825645,3.662785,19.096735,2
20.751953,127.13623,-478.393555,-22.17865,-8.087158,37.67395,3
-68.237305,111.572266,844.726562,-0.127968,8.499821,-18.996832,2
-9.521484,-44.73877,1012.695312,-13.410744,22.659977,8.621576,2
-2000,476.5625,-612.243652,-79.223633,110.832214,44.692993,3
-1.098633,-57.739258,996.582031,-19.63633,14.214237,0.160578,2
-1549.804688,-514.709473,305.786133,-57.380676,-106.124878,-8.705139,3
-319.885254,15.686035,1016.052246,13.337914,-3.71484,10.048273,2
-18.249512,-70.983887,1005.554199,-21.795448,16.785343,4.471186,2
-139.587402,162.780762,-491.638184,2.250671,-29.449463,22.895813,3
5.004883,-104.125977,1019.287109,-9.718117,28.526981,-1.853582,2
56.945801,25.45166,1027.282715,1.718346,-30.211727,13.985041,2
260.681152,174.01123,38.208008,-41.931152,-23.216248,22.369385,3
-1424.194336,322.32666,-131.530762,97.129822,-42.907715,-32.424927,3
-2000,-56.945801,-274.414062,145.698547,99.983215,20.957947,3
-915.527344,5.493164,-321.777344,5.447388,-2.532959,-0.137329,1
153.015137,-2.868652,899.841309,14.612022,3.922184,-2.410528,2
312.62207,307.189941,116.027832,13.031006,-60.211182,-17.166138,3
-7.69043,-11.71875,952.697754,5.479637,-20.247738,10.101679,2
-32.165527,-23.31543,1057.067871,25.049034,-1.677792,-1.655218,2
-94.421387,-122.314453,949.890137,-20.612892,16.480167,-9.94837,2
-416.015625,449.34082,-919.311523,81.039429,-57.502747,-99.342346,3
71.777344,23.132324,857.36084,15.39785,6.973942,11.238459,2
159.362793,30.944824,930.175781,19.800011,1.213749,-4.859564,2
-1839.172363,229.431152,51.452637,36.308289,42.106628,0.88501,3
-910.766602,3.967285,-322.021484,0.541687,-0.976562,-0.411987,1
78.00293,-79.040527,1117.126465,6.814781,-4.027645,1.854303,2
3.845215,-104.125977,1158.203125,2.282921,-1.525204,5.409601,2
-22.216797,-66.40625,1002.685547,0.497643,27.939518,3.03686,2
-33.14209,-19.714355,1003.356934,-15.043434,18.303593,7.042292,2
-915.771484,-6.164551,-308.349609,-3.700256,0.061035,-0.205994,1
30.334473,83.557129,987.243652,9.935204,0.31348,-14.854071,2
47.973633,86.303711,52.67334,16.25061,54.710388,-82.046509,3
-914.245605,-35.217285,-302.246094,-2.807617,-0.137329,-0.305176,1
95.947266,-148.986816,1066.711426,2.237144,7.607182,-18.027899,2
101.867676,-0.305176,974.853516,-8.337196,-12.641232,-19.179937,2
-67.382812,-50.842285,1011.71875,6.921593,13.512333,2.785089,2
-19.958496,30.273438,1013.793945,21.890465,-5.370419,-3.028509,2
-1154.663086,-367.004395,170.715332,34.90448,49.461365,-4.074097,3
26.062012,-21.911621,1044.494629,5.678001,-18.424313,13.931635,2
177.001953,48.522949,1057.373047,7.631126,-7.231991,-1.647589,2
-209.838867,-52.124023,951.843262,-2.74485,-28.739254,-1.792547,2
-2000,280.334473,-452.331543,-38.948059,96.549988,9.063721,3
-908.14209,-2.075195,-315.612793,-3.067017,-2.311707,-0.602722,1
262.390137,270.507812,121.887207,20.15686,-61.729431,-12.260437,3
513.549805,-56.091309,-269.53125,-57.891846,-47.348022,33.493042,3
-62.072754,95.64209,853.33252,3.648582,3.517826,-12.008307,2
96.374512,118.530273,782.226562,-10.381874,-1.136105,-20.545599,2
-309.692383,285.461426,-144.042969,7.835388,-29.754639,29.998779,3
-90.026855,-101.745605,1055.603027,-19.499001,5.760868,0.053766,2
-908.325195,10.803223,-328.674316,3.067017,0.602722,0.152588,1
-438.476562,-163.818359,-103.881836,-78.567505,25.054932,28.091431,3
94.055176,4.02832,987.182617,16.755882,6.74506,-18.653509,2
-912.475586,-38.208008,-298.76709,8.644104,-3.288269,0.961304,1
-363.891602,-87.768555,48.400879,-68.443298,20.149231,30.87616,3
-921.508789,5.859375,-321.228027,-2.418518,4.127502,-0.602722,1
-1260.681152,-372.497559,318.29834,-37.895203,53.901672,-34.942627,3
-172.607422,-26.184082,891.784668,2.42025,-22.429745,-6.240484,2
-1241.943359,-263.427734,141.967773,-43.037415,8.735657,60.966492,3
-2000,-49.682617,-425.65918,-108.879089,-133.81958,-5.844116,3
378.540039,95.947266,2.258301,10.025024,49.89624,-56.44989,3
-223.083496,6.103516,937.62207,16.366783,-5.706112,6.531122,2
-1554.56543,302.55127,43.151855,33.912659,34.500122,-13.557434,3
-590.759277,30.578613,-70.556641,-58.761597,18.630981,24.765015,3
48.88916,-102.600098,1029.541016,2.115074,30.327518,-8.208868,2
-1551.269531,-366.760254,301.635742,21.514893,27.404785,-28.678894,3
76.965332,102.966309,1046.569824,4.716698,-12.213985,4.585627,2
-1296.813965,-585.205078,416.992188,-19.615173,-63.957214,-7.354736,3
53.466797,95.275879,1007.080078,12.155357,-14.136593,9.758356,2
-43.762207,-56.640625,989.501953,-9.946999,-6.804745,11.764887,2
26.428223,6.469727,939.63623,2.92379,-11.260311,-14.075872,2
-101.257324,-37.04834,978.637695,-16.47776,5.089481,-2.944586,2
-466.308594,-85.083008,27.832031,-66.993713,18.768311,38.902283,3
-912.04834,-8.178711,-307.800293,2.14386,-0.892639,-0.335693,1
-1797.302246,-55.664062,726.44043,80.7724,2.250671,-86.380005,3
-919.555664,-8.972168,-315.429688,-3.585815,1.960754,-0.656128,1
485.961914,-79.162598,169.86084,-109.962463,28.961182,-19.363403,3
-912.29248,1.098633,-328.125,1.197815,-1.13678,-0.183105,1
-943.17627,-106.994629,87.82959,-31.806946,12.840271,33.348083,3
-41.015625,-84.716797,1007.69043,5.433861,5.699833,-4.165289,2
11.230469,-78.979492,1024.353027,-7.269081,24.613102,3.90661,2
-916.442871,-1.708984,-321.228027,6.149292,-0.12207,0.770569,1
-908.630371,-9.82666,-316.40625,2.235413,-0.480652,-0.183105,1
-2000,289.978027,-851.379395,-81.382751,54.176331,36.979675,3
-910.827637,-18.066406,-322.387695,2.670288,-2.441406,0.160217,1
235.961914,-52.429199,-275.817871,-61.897278,-45.967102,42.152405,3
27.282715,81.420898,26.733398,-46.424866,-4.135132,27.755737,3
407.836914,-14.831543,191.40625,-60.829163,4.714966,-30.288696,3
-36.193848,-48.095703,350.952148,45.433044,-16.487122,-54.275513,3
153.564453,13.122559,984.191895,5.998436,-3.531734,-13.877508,2
-114.074707,-62.744141,988.15918,-11.343178,12.459476,-4.256842,2
-40.710449,-79.589844,1116.149902,17.808739,-2.646725,2.968195,2
-167.785645,-101.745605,959.594727,-16.264137,1.175602,9.445551,2
34.301758,101.257324,764.953613,1.2911,-3.287594,-16.540167,2
-1060.302734,-400.57373,505.065918,-36.056519,-33.920288,3.448486,3
-49.194336,202.209473,-258.911133,49.072266,-30.815125,-79.658508,3
-913.330078,3.417969,-327.026367,6.080627,-0.022888,0.62561,1
-1225.646973,555.236816,-1188.049316,76.74408,-77.827454,-56.343079,3
-916.748047,-13.183594,-328.00293,2.059937,-2.471924,0.091553,1
-1654.968262,126.037598,474.304199,-5.935669,16.014099,-68.023682,3
69.213867,-77.575684,1135.192871,5.807701,-6.171505,3.78454,2
18.066406,-155.334473,1031.37207,-1.890358,32.059391,-3.219244,2
16.357422,17.150879,936.279297,-3.561195,-1.364987,-16.234991,2
-39.18457,-11.657715,887.390137,23.034874,-0.037472,16.327265,2
-2000,41.015625,-147.766113,-30.487061,125.602722,29.403687,3
-762.145996,-4.882812,-74.890137,-25.047302,34.721375,32.493591,3
-923.522949,-7.019043,-312.011719,-3.471375,2.929688,-0.572205,1
-71.594238,9.277344,1158.691406,2.519432,-7.49139,3.059748,2
-21.850586,-29.052734,1016.784668,-24.862465,13.04694,5.066278,2
170.166016,27.46582,1003.90625,17.877403,4.646976,-9.650824,2
552.246094,157.287598,-508.789062,-30.570984,-16.51001,30.014038,3
-72.265625,168.884277,115.844727,-18.234253,4.66156,27.740479,3
-1647.705078,445.007324,418.151855,64.331055,-48.591614,-76.858521,3
87.036133,-8.178711,1048.400879,1.802269,-17.06628,12.596491,2
-908.752441,-11.108398,-310.180664,-3.379822,-1.12915,-0.587463,1
-1477.905273,-543.029785,237.426758,23.117065,25.787354,-29.296875,3
-63.293457,-68.29834,1024.230957,4.350487,11.849125,1.991633,2
125.610352,83.80127,1025.634766,7.486168,-12.671749,4.005793,2
138.305664,-71.533203,1114.624023,8.821312,-13.503353,9.872797,2
-39.611816,-116.210938,1226.928711,21.8218,-7.399837,-5.79035,2
-19.165039,-46.020508,996.826172,-8.596596,-9.345333,11.169794,2
-1431.396484,-372.192383,194.396973,-53.352356,20.858765,38.955688,3
-13.61084,-25.146484,1052.79541,15.382591,-11.596004,0.656489,2
461.303711,-208.129883,39.306641,57.884216,-36.880493,-45.043945,3
-907.836914,-0.488281,-316.52832,0.068665,0.12207,0.37384,1
240.600586,81.726074,938.964844,-15.142616,-16.700069,-19.889471,2
262.207031,85.693359,903.625488,-5.964455,-20.34692,-19.324896,2
-1505.859375,-904.47998,-728.881836,-50.582886,-14.556885,107.887268,3
-1096.008301,-256.958008,113.037109,58.448792,40.031433,12.8479,3
-1299.621582,-278.503418,195.007324,-25.840759,30.61676,20.629883,3
194.335938,24.780273,1054.443359,6.70797,-13.083736,-4.287359,2
-639.587402,-217.529297,-74.645996,-61.294556,18.295288,32.463074,3
406.616211,-132.873535,90.209961,-13.282776,0.541687,-19.950867,3
343.811035,165.161133,-522.460938,-7.148743,-41.160583,42.411804,3
260.498047,36.132812,25.024414,-17.738342,15.197754,-44.471741,3
-37.658691,-129.02832,1201.965332,11.552635,-11.64941,-0.800726,2
-17.211914,39.428711,1027.893066,22.371117,-7.460873,-8.102057,2
-2000,-245.605469,-411.376953,-0.793457,-36.346436,111.099243,3
-246.032715,235.351562,-351.074219,14.640808,-8.399963,16.860962,3
-1294.189453,-45.898438,128.295898,44.151306,49.461365,-17.166138,3
155.822754,124.145508,815.551758,-13.906654,-7.819454,-21.216986,2
-906.921387,-5.67627,-310.302734,0.907898,0.938416,0.38147,1
-1264.587402,-484.558105,378.295898,-15.090942,-5.79071,7.957458,3
-913.513184,-6.713867,-318.847656,3.486633,-3.334045,-0.167847,1
-913.513184,-26.489258,-307.067871,1.77002,-2.075195,0.175476,1
-723.510742,-150.634766,29.724121,-55.900574,20.591736,30.006409,3
-2000,172.973633,18.432617,70.320129,95.108032,6.385803,3
105.712891,20.568848,940.185547,1.130882,-13.968746,-16.082403,2
-1139.709473,-237.915039,188.964844,-58.128357,14.10675,64.575195,3
43.701172,0.915527,1036.621094,32.190147,-4.927914,-19.744513,2
-18.615723,-63.293457,1007.019043,-11.221107,22.133549,4.516962,2
-134.277344,-117.492676,928.710938,30.557457,10.414799,-14.98377,2
76.965332,-129.516602,1142.63916,9.515587,0.771244,3.78454,2
-75.98877,39.978027,1091.186523,18.129173,-0.525753,2.464655,2
-132.019043,0.793457,871.21582,10.537926,25.726994,-10.772345,2
-930.541992,-23.55957,-310.36377,2.555847,-1.899719,-0.053406,1
-2000,340.209961,606.384277,114.349365,9.414673,6.30188,3
-964.96582,-224.731445,68.481445,-43.991089,19.470215,30.509949,3
-29.602051,12.695312,1045.898438,15.329185,-15.151302,0.709894,2
128.234863,-54.443359,1127.258301,8.378807,-25.061886,13.214472,2
-125.244141,-59.509277,968.62793,-13.044533,-12.549679,0.198725,2
-2000,-106.140137,-649.291992,-103.927612,-86.830139,5.661011,3
154.23584,42.785645,122.924805,22.148132,-17.944336,-62.965393,3
-1789.733887,-208.557129,-160.03418,-56.884766,-132.6828,-16.448975,3
-1513.48877,-1147.033691,-803.100586,-82.527161,-32.25708,128.501892,3
-1140.686035,8.544922,30.700684,-5.279541,64.041138,-60.913086,3
349.121094,310.424805,-36.437988,18.379211,-36.987305,-40.32135,3
-1018.798828,-243.286133,137.939453,-26.374817,4.608154,46.127319,3
-1723.999023,125.366211,148.681641,43.426514,17.059326,-23.254395,3
-1022.949219,-856.079102,572.998047,26.031494,81.016541,60.211182,3
-2000,163.269043,163.574219,98.480225,37.452698,-32.073975,3
18.432617,91.674805,981.567383,-0.875648,-0.495236,-11.939642,2
-13.000488,74.951172,1072.387695,10.759178,-13.083736,1.617792,2
-885.498047,-169.067383,88.745117,-7.209778,22.338867,25.871277,3
-194.458008,-30.517578,-178.466797,-87.32605,8.483887,14.274597,3
-1457.397461,-495.056152,183.837891,8.506775,63.751221,-33.576965,3
-908.14209,5.310059,-317.382812,5.500793,0.709534,0.022888,1
-27.34375,110.534668,954.772949,9.568993,-4.149715,-5.363104,2
-2000,-69.519043,1999.938965,32.691956,105.308533,-12.09259,3
233.520508,322.570801,138.244629,-3.196716,-53.649902,-5.081177,3
-61.767578,52.368164,1123.596191,4.663292,-7.75079,2.975824,2
-104.858398,-38.513184,910.095215,-6.040749,-10.276119,-13.60285,2
-49.743652,17.39502,1086.669922,26.193443,3.22028,2.067926,2
-1.831055,-40.527344,995.239258,-15.34861,21.050175,8.057001,2
-42.297363,-7.446289,884.521484,21.097008,4.776676,14.61828,2
17.333984,-73.364258,1015.136719,-3.942665,23.415287,6.607416,2
-352.966309,25.32959,-1311.584473,34.759521,-41.473389,-65.109253,3
-1135.559082,-348.083496,197.387695,-50.90332,14.625549,28.282166,3
-95.275879,-91.003418,930.725098,33.113304,7.591923,-18.798468,2
-2000,-38.574219,1365.661621,-17.478943,42.556763,59.944153,3
-524.414062,-6.347656,-118.408203,-59.707642,28.152466,25.779724,3
-901.245117,-306.70166,49.01123,-50.888062,12.09259,30.838013,3
-910.217285,10.681152,-322.44873,4.615784,-0.144958,0.167847,1
-1502.868652,-125.061035,94.482422,117.286682,106.895447,40.374756,3
-6.591797,-75.256348,1089.72168,14.909569,-6.789486,2.594355,2
-106.811523,-36.682129,1180.236816,0.268761,-1.654904,4.265192,2
-13.549805,-48.88916,1001.586914,-12.31974,19.913395,5.974176,2
-50.048828,111.38916,1025.57373,8.043114,-29.753963,14.885309,2
-2000,-406.37207,1525.634766,-65.444946,141.479492,144.348145,3
-18.432617,-78.491211,1009.338379,6.982628,23.606022,6.172541,2
-9.94873,-21.911621,945.678711,-6.612953,-9.696285,-17.028448,2
-34.729004,-11.230469,941.894531,21.081749,5.814274,15.182856,2
-918.09082,-26.855469,-302.246094,3.318787,-0.839233,-0.022888,1
96.984863,-34.240723,1106.689453,5.380455,-29.219906,14.206293,2
-146.057129,-87.524414,1097.412109,31.556908,-9.50555,-3.654119,2
-1239.685059,171.936035,22.888184,57.006836,73.310852,-46.62323,3
-153.503418,293.273926,-254.577637,-1.922607,-30.62439,35.621643,3
-906.555176,8.605957,-331.970215,0.175476,4.089355,-0.25177,1
149.047852,74.157715,791.381836,-4.2631,-13.083736,-17.5091,2
-109.49707,-55.969238,922.241211,7.173363,30.136784,-10.474798,2
-1331.054688,-381.591797,218.139648,44.784546,40.428162,-11.329651,3
-93.933105,-54.443359,917.236328,2.206627,-0.037472,16.357782,2
-666.748047,122.558594,233.764648,55.862427,28.6026,4.814148,3
-18.737793,-63.659668,991.943359,-2.096352,-12.069027,12.665155,2
-2000,-22.827148,1288.085938,8.979797,-76.271057,4.760742,3
7.8125,-48.706055,1068.969727,13.917747,-9.192745,1.114252,2
6.652832,-64.941406,1013.977051,-4.064735,23.270329,6.409052,2
139.526367,-13.85498,866.088867,13.154808,5.165775,1.907709,2
-2000,221.435547,-323.059082,41.000366,73.96698,9.979248,3
-1857.543945,76.35498,-388.549805,-7.476807,-82.389832,24.06311,3
-54.931641,-96.191406,1042.663574,5.70089,9.987553,1.190546,2
-911.987305,-11.84082,-311.584473,4.234314,0.648499,0.648499,1
-13.48877,-62.438965,1008.666992,-20.330605,15.671452,4.928949,2
378.78418,162.17041,19.042969,19.790649,-45.143127,-23.529053,3
4.150391,-115.112305,1030.700684,-22.924599,13.367374,2.258661,2
-95.703125,27.709961,1109.985352,28.901878,9.499271,4.120234,2
199.34082,46.569824,1052.67334,3.221336,-8.399288,-9.154913,2
-1244.995117,-344.726562,249.755859,-51.704407,26.260376,23.628235,3
-454.040527,471.801758,-1074.584961,70.098877,-36.643982,-84.632874,3
-1423.828125,-335.632324,211.853027,-46.859741,-122.108459,-11.695862,3
-24.230957,-94.726562,1010.437012,0.612083,30.770023,1.282099,2
-1406.921387,-406.25,85.571289,20.309448,46.882629,-3.692627,3
-322.021484,-25.512695,1081.115723,18.350426,1.564701,16.670588,2
-18.737793,-28.747559,1021.66748,-0.082191,16.167362,7.492426,2
-2000,333.007812,-314.758301,-93.780518,93.338013,31.12793,3
80.505371,-71.105957,1122.375488,-9.977516,-13.28973,12.413385,2
-137.634277,30.395508,862.670898,2.084557,18.509586,-16.860601,2
-36.865234,-80.13916,966.552734,13.902489,-14.151852,10.658625,2
-92.346191,68.969727,978.942871,13.856712,-24.794857,18.883112,2
113.28125,-170.654297,285.888672,-98.587036,41.778564,-37.727356,3
-1774.291992,863.28125,-539.550781,131.759644,24.95575,-57.853699,3
-1077.392578,81.359863,207.885742,48.110962,-11.016846,-74.424744,3
-2000,291.625977,54.870605,-11.367798,88.317871,6.477356,3
-77.697754,-112.609863,1008.239746,14.329735,-21.537106,8.758905,2
-39.306641,-21.728516,1013.916016,-20.353493,14.946659,6.203058,2
-2000,-16.906738,-532.043457,-139.053345,-70.671082,14.450073,3
-92.590332,-365.112305,-11.352539,-40.222168,-4.043579,-60.554504,3
-2000,-440.002441,-521.30127,19.729614,10.116577,40.122986,3
-7.995605,-12.512207,864.990234,18.876854,7.858952,14.335993,2
-915.710449,1.220703,-308.776855,-5.271912,-0.419617,0.030518,1
215.454102,34.240723,932.983398,-4.141029,-16.372005,-17.203924,2
183.71582,-4.089355,889.343262,5.670372,0.870426,-10.017035,2
-2000,244.07959,-30.761719,42.327881,42.572021,-9.689331,3
-51.757812,-77.941895,1004.394531,-20.406898,13.359745,-0.327703,2
111.206055,-104.858398,1048.583984,12.559715,17.922123,-14.686224,2
-984.863281,-28.381348,3.723145,40.672302,-9.162903,20.584106,3
-169.006348,-44.73877,873.474121,-7.513222,-20.636837,-7.659552,2
-1238.708496,134.643555,68.908691,55.847168,35.53772,-21.04187,3
95.76416,-15.563965,1064.575195,3.114525,-15.387814,8.758905,2
-473.266602,138.671875,22.277832,28.167725,0.160217,2.662659,3
-976.379395,-1300.90332,325.073242,-13.031006,24.360657,94.856262,3
194.702148,215.148926,67.016602,-11.779785,-29.533386,20.896912,3
41.748047,14.648438,973.815918,-7.528481,-6.392757,-14.854071,2
-521.30127,-84.594727,17.822266,-68.79425,22.628784,29.060364,3
-917.602539,-7.507324,-325.317383,-4.081726,-0.328064,-0.572205,1
61.401367,-34.790039,1121.032715,-8.840736,-19.46954,15.236261,2
15.075684,71.411133,989.746094,2.588097,-10.321896,-9.177801,2
172.302246,26.916504,1020.446777,5.342308,-4.790585,-12.511847,2
-47.729492,41.687012,963.012695,24.09536,-5.584042,9.621027,2
376.342773,190.612793,157.287598,-26.634216,-38.818359,18.867493,3
-1177.612305,-272.888184,-102.600098,27.252197,44.60144,7.080078,3
217.651367,57.861328,-593.078613,-23.742676,-8.079529,40.19928,3
-21.240234,-39.489746,961.669922,0.222984,-16.997616,13.557795,2
102.783203,84.16748,1035.766602,5.914513,-11.878292,-0.106451,2
-2000,148.986816,-777.099609,-114.173889,19.729614,26.000977,3
-1492.004395,-886.047363,522.094727,101.104736,95.38269,54.733276,3
239.013672,-103.759766,226.68457,-0.045776,-19.584656,-77.041626,3
-298.400879,-76.538086,106.994629,-27.229309,39.94751,46.905518,3
-188.049316,164.916992,-713.806152,-28.663635,3.334045,-66.261292,3
239.685059,89.111328,856.140137,-5.460915,-19.690792,-18.844244,2
-1028.137207,82.15332,163.391113,31.547546,23.590088,-69.328308,3
138.427734,29.602051,909.790039,19.998375,2.869328,0.564936,2
-1345.031738,-169.067383,312.805176,40.245056,64.804077,-29.823303,3
-2000,113.952637,-457.336426,-125.450134,13.664246,31.074524,3
-905.395508,2.01416,-328.674316,-3.28064,-2.662659,-0.587463,1
-12.084961,-91.97998,993.530273,-14.4636,12.604435,2.548578,2
252.807617,80.322266,937.194824,-6.956276,-18.050472,-19.927618,2
-2000,145.446777,329.284668,-15.281677,93.826294,-11.413574,3
-915.710449,7.263184,-320.861816,2.27356,0.259399,0.396729,1
161.804199,0.671387,942.199707,6.624046,-2.227108,-13.045904,2
-137.756348,-26.672363,846.984863,10.339561,21.164616,-13.900396,2
-1504.760742,-394.897461,202.697754,-89.599609,-174.354553,-18.119812,3
23.55957,82.946777,809.570312,-0.593361,-1.891415,-13.763067,2
33.996582,124.816895,1039.611816,2.641502,-21.598141,12.779596,2
-1994.995117,225.646973,-293.823242,101.417542,109.069824,20.133972,3
-6.958008,-82.763672,1122.314453,17.762962,1.793583,2.724054,2
-21.42334,-42.053223,1089.172363,15.336815,1.656254,-0.091192,2
35.15625,-76.049805,1107.36084,5.44149,-2.044003,-4.226324,2
158.26416,-108.642578,1140.380859,1.65731,-4.294674,6.996515,2
-2000,363.647461,340.209961,15.655518,68.344116,-18.348694,3
87.890625,-288.574219,484.375,-32.569885,33.226013,-45.639038,3
-2000,208.740234,972.412109,59.143066,3.257751,-8.43811,3
113.037109,78.430176,1042.114258,3.595177,-18.401424,6.706598,2
-1371.826172,-240.783691,523.376465,-1.564026,-0.701904,8.842468,3
321.289062,27.099609,-435.058594,-11.238098,-37.414551,31.082153,3
133.972168,31.005859,1006.103516,-9.1688,-9.055416,-17.692205,2
-132.507324,-111.694336,-130.79834,72.113037,-23.002625,-97.541809,3
-1348.510742,-51.879883,318.481445,39.039612,25.817871,-30.12085,3
-316.040039,-25.695801,-209.16748,-78.193665,18.104553,20.469666,3
13.122559,-96.008301,1136.413574,15.764061,-4.943172,2.167109,2
21.66748,-75.439453,1022.949219,-4.781898,22.705753,6.637934,2
-181.57959,-95.581055,969.116211,-6.01786,-25.229733,7.423761,2
-148.132324,-12.939453,874.267578,3.267113,-12.511532,-9.620306,2
21.911621,-73.974609,1028.442383,-6.635841,22.789677,5.989435,2
-1384.277344,659.545898,-806.57959,75.35553,-77.857971,-72.463989,3
-2000,113.952637,-489.074707,-119.743347,-130.508423,0.114441,3
-751.953125,11.535645,-49.499512,-41.8396,19.012451,30.479431,3
-120.788574,-32.714844,984.313965,-6.078896,6.172855,-0.861761,2
-1390.808105,-8.239746,301.757812,56.289673,11.810303,-32.958984,3
514.648438,201.11084,56.274414,-11.253357,-33.332825,7.049561,3
17.883301,137.939453,908.447266,24.370018,-1.364987,-1.540777,2
-95.76416,-104.492188,1048.76709,-1.226601,9.102543,-3.203985,2
-2000,247.436523,-330.322266,98.03772,30.433655,-28.808594,3
505.737305,178.894043,58.898926,6.332397,-15.449524,-8.178711,3
19.714355,112.792969,1005.126953,7.226768,-16.875546,18.173578,2
-1355.712891,-602.661133,219.299316,23.841858,27.557373,-24.520874,3
52.124023,111.328125,747.131348,-5.529579,5.058964,-19.584295,2
614.196777,7.8125,11.59668,-44.86084,3.593445,3.77655,3
-1495.727539,-456.115723,240.112305,31.150818,65.071106,-25.489807,3
17.39502,83.007812,976.5625,-6.056007,0.778873,-14.556524,2
46.691895,56.335449,992.370605,-9.702858,-4.920284,-17.242071,2
318.664551,372.070312,97.961426,1.968384,-70.19043,-10.726929,3
347.595215,424.377441,29.11377,-4.203796,-83.488464,-25.535583,3
0.732422,-56.396484,1008.911133,-0.219521,-13.175289,12.199762,2
-1738.464355,-13.366699,189.27002,45.150757,6.141663,-27.931213,3
-18.432617,-45.227051,1006.652832,9.515587,21.141727,7.06518,2
81.726074,-33.569336,1098.266602,0.169579,-24.718563,15.175226,2
-123.291016,221.557617,-328.735352,-14.732361,-7.591248,29.312134,3
-1112.854004,642.822266,-1198.852539,131.782532,-58.326721,-94.932556,3
48.034668,-82.641602,1077.941895,4.342857,4.608829,7.377985,2
-75.927734,-146.42334,928.710938,-18.766579,17.8382,-12.33637,2
5.249023,33.38623,1023.254395,24.278465,-7.972042,-12.939093,2
-37.414551,-88.928223,1012.268066,-13.601479,10.834415,4.501703,2
-19.104004,-23.742676,996.276855,4.327599,15.076359,8.140924,2
350.891113,172.790527,207.641602,4.417419,-97.381592,-6.546021,3
-98.815918,44.616699,1104.980469,8.96627,2.014835,4.639032,2
-285.095215,-107.177734,-22.338867,-81.878662,26.397705,24.69635,3
-2000,332.885742,-346.252441,66.825867,73.623657,3.78418,3
93.75,-109.436035,975.830078,-1.493629,20.020206,-12.603399,2
-1390.136719,-373.718262,553.649902,-9.605408,55.839539,42.922974,3
55.175781,-153.015137,1056.274414,-12.411293,22.850712,-8.880255,2
-1678.100586,-227.600098,-54.199219,-50.827026,-95.76416,-8.43811,3
-651.855469,-17.51709,56.274414,-3.15094,1.525879,27.603149,3
-115.600586,-32.714844,962.646484,-6.414589,8.278568,-5.16474,2
-137.573242,174.987793,-519.714355,87.028503,-2.716064,-76.339722,3
33.02002,-64.575195,1075.256348,21.898094,-6.316463,-2.898809,2
-1575.195312,-139.099121,316.223145,18.669128,34.378052,-23.139954,3
265.014648,-2.685547,-337.341309,-33.760071,-39.726257,37.590027,3
81.665039,-32.043457,987.548828,-3.515419,1.57233,-19.65296,2
-52.246094,240.783691,-363.586426,-4.112244,-35.888672,40.184021,3
-109.25293,-90.270996,1045.410156,-10.05381,7.63007,0.64123,2
-914.672852,-33.691406,-291.992188,4.692078,-2.258301,-0.205994,1
-1410.339355,-383.789062,186.401367,-61.271667,27.366638,31.364441,3
-911.010742,-20.141602,-300.292969,9.933472,-2.784729,0.350952,1
-1285.400391,-593.566895,258.911133,19.554138,57.235718,-14.854431,3
-49.865723,-76.599121,967.590332,17.16024,-15.532772,10.315302,2
-173.339844,-98.999023,925.109863,-17.278847,4.952152,13.260248,2
-102.355957,13.85498,-1.098633,-19.424438,27.47345,38.566589,3
91.064453,145.690918,1074.829102,6.70034,-18.760006,9.987238,2
115.661621,-103.271484,1012.084961,-10.526833,5.783756,-16.448614,2
-170.410156,227.050781,-341.918945,-33.493042,-29.792786,27.71759,3
-1190.734863,-452.636719,218.017578,50.361633,38.375854,-5.462646,3
-321.899414,14.465332,1061.645508,13.040367,-2.776424,16.846064,2
627.075195,72.08252,-270.690918,-72.44873,18.257141,9.292603,3
-102.355957,-57.678223,1001.586914,-13.593849,3.121098,-0.091192,2
-35.888672,-101.806641,1029.541016,-14.524635,13.17664,1.182917,2
-794.799805,-118.835449,56.640625,-31.242371,11.489868,47.325134,3
-312.561035,282.165527,29.968262,10.177612,-3.196716,7.156372,3
-2000,21.54541,-446.777344,72.19696,71.815491,0.62561,3
-145.019531,206.787109,-103.820801,-25.817871,-20.805359,16.822815,3
513.366699,208.129883,-39.123535,32.875061,-47.706604,-26.069641,3
-909.484863,1.77002,-326.23291,-2.532959,-2.998352,-0.465393,1
-126.89209,89.599609,94.604492,-29.571533,-13.305664,25.299072,3
-1357.055664,-647.033691,506.103516,-37.521362,-57.373047,7.713318,3
-1297.241211,-372.98584,368.225098,-67.115784,35.575867,31.806946,3
-82.946777,-41.931152,921.508789,-0.234779,-4.859249,15.564325,2
178.039551,32.531738,930.664062,-0.944313,-15.990536,-16.906378,2
381.225586,307.556152,-27.709961,16.12854,-59.394836,-24.169922,3
88.867188,-1.586914,1043.762207,5.533043,-16.1889,12.718561,2
-137.512207,-66.589355,885.742188,6.807152,24.712284,-13.930914,2
-13.916016,-76.843262,997.741699,5.891624,24.979313,6.378534,2
45.715332,11.962891,855.529785,13.25399,6.577213,13.832453,2
523.498535,187.927246,-102.783203,26.748657,7.156372,-37.986755,3
-26.916504,-20.874023,979.492188,5.815331,16.220768,8.057001,2
2.624512,-19.287109,936.523438,8.165184,-19.133846,10.33819,2
179.382324,29.907227,952.148438,18.159691,-0.731747,-8.735296,2
25.024414,-81.604004,1096.618652,4.335228,3.861149,6.714228,2
-104.797363,-101.44043,1000.915527,3.602806,-6.789486,12.726191,2
-44.73877,-139.892578,951.843262,-4.118141,21.225651,-10.757086,2
163.330078,19.958496,993.408203,7.119957,-1.227657,-9.307501,2
175.109863,102.172852,815.612793,-15.73008,-11.725704,-19.637701,2
-1439.575195,368.835449,53.894043,17.112732,134.857178,-6.835938,3
-915.100098,-3.112793,-327.331543,-3.40271,0.236511,-0.25177,1
-166.809082,-83.80127,965.515137,-9.603676,-35.949032,-3.371832,2
-899.719238,4.638672,-320.129395,-4.562378,-0.63324,-0.480652,1
-95.336914,-198.364258,900.268555,-20.063576,17.029484,-11.024115,2
-10.864258,-55.969238,1020.629883,-17.027077,14.93903,5.30279,2
-9.58252,-16.784668,908.630371,17.198387,4.898746,14.984491,2
597.473145,69.396973,-511.901855,-56.098938,51.361084,18.661499,3
2.441406,-55.908203,1103.210449,3.152672,1.511295,3.807428,2
-936.462402,480.895996,-1082.580566,1.327515,-44.555664,-57.571411,3
195.678711,292.724609,139.587402,-9.399414,-60.60791,0.762939,3
-918.029785,-10.681152,-322.265625,3.479004,-2.082825,0.335693,1
-90.759277,-88.623047,1004.760742,-0.059303,-17.806332,7.988337,2
-98.022461,40.710449,852.722168,15.474144,11.460026,-13.640997,2
490.905762,-270.874023,510.314941,-63.514709,27.832031,-31.417847,3
12.634277,-47.485352,1059.753418,23.553673,-3.073971,-2.921698,2
-10.803223,-22.216797,1004.211426,2.29818,15.610416,7.95019,2
-20.385742,123.962402,1010.742188,9.385887,-21.4837,22.117975,2
-1165.527344,-921.325684,440.917969,52.192688,76.36261,59.135437,3
-1292.114258,-413.513184,282.226562,-26.46637,13.343811,50.582886,3
46.875,106.811523,1005.67627,4.899803,-17.562191,12.848261,2
-436.340332,524.902344,-1296.020508,-11.08551,-26.863098,-62.042236,3
-67.626953,-89.599609,1005.004883,-19.926247,11.841496,-0.327703,2
116.027832,-49.255371,1013.671875,11.476341,12.230595,-16.646978,2
226.318359,145.629883,311.828613,-13.35907,-82.199097,1.89209,3
-20.080566,-82.519531,1043.212891,35.348717,-11.840145,7.889154,2
-65.063477,46.75293,-80.01709,-55.099487,6.988525,25.367737,3
-117.858887,35.095215,1098.388672,24.85067,5.585392,3.090265,2
-2000,-1195.922852,-417.541504,-77.384949,-63.667297,153.259277,3
-139.221191,-34.484863,19.40918,-54.672241,12.260437,33.874512,3
-151.855469,-43.151855,867.736816,-6.467995,-14.365475,-10.230658,2
-1178.161621,-386.779785,412.719727,-69.381714,7.507324,21.79718,3
-2000,21.54541,-127.563477,45.562744,24.703979,-17.303467,3
-15.380859,-46.936035,1020.507812,-12.029823,15.366276,6.187799,2
-234.313965,-33.508301,89.233398,-69.366455,27.198792,22.239685,3
-919.128418,-8.850098,-319.885254,3.890991,-4.463196,0.175476,1
-96.374512,-10.314941,883.544922,3.198448,-8.109371,-10.612127,2
-741.638184,-69.213867,-15.380859,34.294128,3.40271,-4.203796,3
45.654297,-167.236328,1039.123535,-4.50724,28.717716,-6.194708,2
-74.768066,-72.631836,1105.957031,21.974388,-4.714291,-3.127691,2
-46.386719,-88.317871,1009.338379,10.476891,8.537968,-1.006719,2
-9.765625,-82.336426,1010.986328,-10.366615,27.672489,0.557306,2
-138.549805,-38.024902,932.006836,0.490013,-29.609005,-2.456305,2
286.437988,135.498047,93.505859,18.501282,-28.648376,-50.224304,3
213.134766,122.86377,871.582031,-16.340431,-13.228695,-21.247503,2
182.128906,27.34375,984.924316,16.206566,-1.876156,-9.917852,2
7.141113,-62.683105,1104.736328,3.236595,-2.143185,-0.312445,2
121.276855,-46.691895,1127.319336,-0.677284,-23.169796,13.977411,2
96.374512,-85.021973,1097.595215,3.885094,-0.289242,7.980707,2
-8.850098,77.880859,995.910645,4.197899,-3.653805,-8.742926,2
-892.39502,11.59668,-334.16748,4.570007,2.14386,-0.015259,1
-890.869141,7.629395,-324.707031,9.284973,-1.25885,0.358582,1
151.489258,71.166992,844.299316,-19.010719,-5.812923,-19.736883,2
-308.898926,371.826172,-751.77002,86.723328,-54.985046,-107.330322,3
18.249512,-35.217285,1036.254883,4.709068,-15.517513,13.054255,2
86.486816,-127.868652,1020.874023,-17.111,14.694889,-14.075872,2
-2000,-126.098633,-609.191895,27.809143,-63.049316,36.430359,3
-101.5625,-60.974121,963.439941,-1.241859,-27.587215,2.571466,2
99.182129,-95.76416,1029.968262,12.788597,22.858341,-12.778875,2
-928.100586,-124.084473,110.839844,-69.274902,19.363403,54.397583,3
465.270996,194.519043,77.819824,22.04895,-84.381104,-15.853882,3
159.973145,-7.019043,888.244629,12.079063,3.197392,-3.677008,2
83.862305,-73.669434,1010.253906,-16.370949,3.861149,-18.523809,2
-1208.312988,328.24707,39.001465,1.625061,-19.165039,-54.412842,3
209.106445,74.462891,965.576172,-7.53611,-11.916439,-20.080206,2
156.25,-75.256348,1142.150879,-1.196083,-18.500607,11.909845,2
-1440.673828,179.870605,992.004395,18.310547,-44.113159,-78.170776,3
-158.26416,118.835449,-213.317871,14.015198,-16.136169,2.815247,3
-925.964355,-6.347656,-373.535156,6.080627,-1.350403,0.015259,1
0,-136.59668,1218.62793,21.776024,8.782108,1.38891,2
-50.720215,-186.950684,-366.394043,-31.814575,-10.047913,-48.64502,3
-904.47998,16.723633,-333.740234,-3.40271,-1.76239,-0.328064,1
243.103027,70.678711,976.5625,-12.44944,-15.517513,-19.950506,2
363.037109,61.706543,28.198242,26.008606,-22.338867,-43.464661,3
-28.930664,47.546387,958.251953,22.615257,0.44318,5.157831,2
-1043.579102,-472.290039,570.3125,-53.894043,-100.479126,-8.201599,3
-1440.979004,-354.003906,233.215332,-60.287476,-60.569763,-0.686646,3
-30.578613,113.891602,-177.612305,-28.152466,-30.128479,10.681152,3
95.275879,0.854492,1053.039551,5.037132,-18.195431,10.918024,2
11.413574,124.084473,-414.611816,-35.324097,-39.44397,36.392212,3
-35.217285,-72.021484,1003.540039,-23.260292,16.541203,3.799799,2
70.617676,117.675781,785.766602,-13.525185,0.046451,-20.606634,2
83.068848,92.102051,769.042969,-5.369362,-7.048885,-18.218634,2
-2000,-169.189453,-318.115234,-76.255798,-119.895935,-12.09259,3
58.410645,5.187988,998.168945,-14.318642,-3.58514,-19.462225,2
19.53125,-42.175293,1070.129395,-0.906166,-14.441769,15.289667,2
-1280.456543,-306.70166,253.723145,-57.884216,28.831482,32.653809,3
-130.981445,-33.752441,958.984375,-10.587868,-13.243954,-3.455755,2
109.130859,33.203125,871.398926,18.129173,5.371769,6.30224,2
-80.993652,12.451172,903.625488,-3.042397,-2.280514,-13.152716,2
102.050781,-73.425293,1093.688965,2.664391,-5.85107,8.217218,2
-104.125977,-10.498047,926.757812,-9.473976,-9.024899,-7.247564,2
-1211.05957,-466.369629,128.845215,23.391724,23.81897,-16.88385,3
-184.875488,-67.260742,1025.146484,44.778648,8.103092,8.69787,2
230.895996,53.466797,963.928223,-17.355141,-16.631405,-21.316168,2
-914.428711,2.929688,-321.472168,-3.929138,-0.427246,-0.25177,1
-934.265137,652.282715,-1280.456543,-7.293701,24.06311,-36.849976,3
2.075195,-49.133301,71.105957,65.155029,19.248962,-61.546326,3
-913.94043,3.479004,-334.16748,-4.40979,-0.50354,-0.282288,1
118.835449,97.351074,796.691895,-18.476662,-1.891415,-20.331976,2
-151.794434,355.59082,-48.217773,-12.664795,1.441956,13.038635,3
-18.676758,-92.895508,1011.657715,-14.677223,13.199528,1.800898,2
-1071.777344,746.398926,-861.755371,54.718018,-37.994385,-52.879333,3
-34.362793,-152.160645,1078.552246,-9.908852,12.207706,-2.845404,2
-125.366211,-57.556152,1011.413574,-3.927406,4.898746,1.343134,2
-2000,216.918945,-802.429199,-108.291626,-57.472229,21.316528,3
-185.668945,39.733887,952.087402,18.16732,-20.140926,19.646051,2
-1283.447266,-399.902344,-50.415039,25.230408,53.604126,-4.78363,3
-1393.493652,190.856934,163.757324,55.183411,-26.145935,-66.642761,3
76.721191,-37.04834,1005.310059,-15.890297,-0.251095,-19.508001,2
-902.648926,-6.896973,-318.17627,2.655029,-1.312256,0.213623,1
-335.81543,54.199219,25.878906,-60.035706,16.174316,38.215637,3
-20.874023,-66.223145,1031.188965,7.013145,22.606571,5.974176,2
-1429.199219,-458.618164,140.808105,32.287598,57.167053,-15.792847,3
-347.717285,37.231445,968.75,22.966209,-5.683224,23.140314,2
87.524414,29.907227,1045.654297,2.374474,-27.838985,15.701654,2
-2000,-107.48291,-521.789551,-145.53833,-69.480896,17.601013,3
-768.066406,-13.305664,47.180176,42.015076,28.503418,11.238098,3
41.931152,-133.483887,1025.085449,-12.006935,27.458866,-7.163641,2
10.253906,-94.360352,1120.605469,18.945518,-7.033627,0.328425,2
95.092773,-14.404297,856.628418,6.013695,8.537968,3.578547,2
11.962891,-119.628906,1033.935547,-8.604225,26.718815,-2.944586,2
-907.348633,2.319336,-327.331543,-2.632141,1.190186,0.099182,1
-63.293457,-52.67334,1201.35498,2.977196,-9.208004,2.319696,2
-54.443359,-81.665039,983.825684,10.591331,6.340702,-2.380011,2
0.610352,21.972656,967.529297,25.720421,-0.495236,14.953974,2
-919.250488,5.859375,-323.364258,-4.173279,-0.801086,-0.556946,1
64.51416,19.836426,994.445801,35.219017,-0.075619,-22.185919,2
95.397949,-94.360352,1126.89209,-8.390602,-8.193295,10.399225,2
63.598633,-12.023926,1018.066406,0.856224,-18.904964,12.771967,2
-923.339844,-16.418457,-318.42041,0.38147,0.106812,-0.289917,1
-1579.040527,-308.044434,-29.724121,-99.79248,-87.905884,-3.036499,3
205.566406,16.784668,1045.349121,10.286156,-8.12463,-7.560369,2
0.366211,-58.105469,1102.050781,3.015343,-0.525753,1.884821,2
60.241699,80.993652,978.57666,-0.089821,0.801762,-19.805548,2
-58.837891,-100.158691,1010.864258,-15.028175,11.543949,0.13006,2
-2000,88.745117,-387.634277,138.35144,73.242188,-0.106812,3
-509.155273,352.722168,-1100.952148,115.67688,-32.958984,-108.24585,3
-52.001953,-110.534668,1041.625977,-13.426003,12.558659,0.770929,2
38.269043,-14.099121,834.16748,8.348289,10.292728,11.375788,2
-7.995605,-64.025879,1019.40918,-4.530128,22.156437,6.019953,2
-1361.022949,405.578613,-379.150391,94.940186,-59.593201,-45.333862,3
-1158.14209,-343.322754,318.29834,-55.099487,-59.051514,4.844666,3
358.764648,-102.905273,-9.460449,51.383972,-23.727417,-59.707642,3
-907.043457,-1.464844,-315.429688,-2.639771,-1.708984,-0.427246,1
-902.038574,11.047363,-325.012207,3.135681,-1.693726,-0.068665,1
-2000,-262.878418,-340.393066,-124.191284,-131.111145,1.296997,3
-911.010742,-11.230469,-314.51416,-3.875732,-0.450134,-0.587463,1
95.031738,102.294922,263.73291,-42.221069,-48.782349,11.421204,3
-43.823242,-78.918457,1005.126953,-23.962196,15.137394,3.334406,2
-97.77832,107.36084,129.638672,-44.837952,17.982483,27.420044,3
-1847.473145,-108.337402,-199.951172,-107.10144,-162.055969,-13.122559,3
20.629883,-8.361816,883.666992,13.978783,5.638798,14.717463,2
-906.12793,-2.197266,-311.584473,-3.646851,-0.37384,-0.305176,1
-616.516113,199.401855,34.790039,35.980225,-7.362366,10.566711,3
-969.665527,-68.847656,44.433594,55.549622,26.786804,13.893127,3
165.283203,-99.731445,1143.798828,-0.73069,-11.374752,9.537104,2
-371.826172,7.8125,1005.67627,20.837608,7.736881,21.255854,2
-1504.02832,76.477051,206.298828,49.789429,5.439758,-29.47998,3
-1147.827148,46.447754,298.034668,95.024109,10.177612,-62.461853,3
-526.306152,-95.092773,9.155273,-42.129517,23.94104,47.920227,3
94.848633,-5.859375,1058.227539,4.518333,-17.600338,9.697321,2
164.611816,5.981445,953.918457,10.164085,1.801212,-9.353277,2
-36.560059,-99.975586,1123.291016,17.183128,-0.853817,-5.28681,2
-62.744141,22.094727,1113.342285,28.619591,8.331974,3.891352,2
-915.283203,-7.751465,-308.59375,0.801086,-1.800537,-0.099182,1
91.064453,5.92041,1038.269043,5.220238,-17.546932,12.062433,2
-1372.558594,-452.941895,490.356445,-82.946777,-33.088684,14.633179,3
-10.009766,-4.760742,982.788086,1.886192,-25.016109,10.353449,2
366.394043,297.119141,62.194824,3.997803,-69.236755,-8.491516,3
-19.470215,-148.4375,1053.405762,-19.094643,10.231693,-2.174017,2
-918.395996,-0.854492,-324.707031,-4.348755,-1.586914,-0.617981,1
-39.245605,70.068359,1104.736328,7.974449,-9.696285,2.342585,2
-911.315918,-12.207031,-307.800293,0.816345,-2.746582,0.175476,1
209.960938,34.729004,918.579102,-9.329018,-15.113155,-17.989752,2
-927.246094,5.859375,-317.382812,1.220703,-0.274658,-0.038147,1
42.663574,50.170898,-505.432129,-4.928589,-42.289734,28.953552,3
-153.198242,-93.688965,925.170898,-17.385658,4.128178,15.053156,2
272.827148,264.770508,118.286133,13.031006,-65.620422,-4.516602,3
-917.236328,-12.207031,-307.006836,5.172729,-1.89209,0.205994,1
-2000,-736.022949,-18.737793,16.25824,12.22229,84.41925,3
22.460938,-92.651367,1115.478516,9.897057,1.335819,-6.41596,2
-919.189453,3.90625,-318.17627,5.706787,0.564575,0.450134,1
-30.151367,-39.306641,939.453125,12.636009,-18.286983,10.605219,2
-41.870117,3.78418,927.79541,-8.016762,-6.072323,-11.245367,2
-29.174805,11.657715,894.714355,19.037071,-0.624935,19.485834,2
-2000,116.271973,978.881836,5.317688,70.892334,99.700928,3
-11.59668,50.048828,995.361328,17.640892,-3.241817,1.366022,2
-16.723633,36.010742,969.177246,15.458885,-3.875057,7.683161,2
-1432.983398,-988.586426,19.592285,-42.59491,68.862915,79.299927,3
-8.666992,-49.499512,1019.714355,-6.643471,-11.077206,11.268976,2
128.723145,-111.38916,991.455078,5.655113,14.519413,-15.021917,2
-53.527832,-107.727051,1030.639648,-13.265785,12.078007,0.275019,2
-44.616699,-79.162598,994.20166,8.050743,5.318363,-3.661749,2
161.499023,-0.366211,916.809082,11.049095,2.45734,-8.651373,2
445.007324,-227.233887,-30.029297,47.966003,-52.619934,-30.662537,3
-43.029785,-121.643066,1032.226562,-22.688087,8.682926,-1.639959,2
-62.072754,-117.30957,938.842773,-13.57859,24.231632,-14.617559,2
-353.881836,51.330566,862.060547,39.71273,9.39246,17.547968,2
-1815.063477,353.45459,-429.077148,93.200684,82.298279,7.553101,3
104.675293,-17.76123,865.661621,14.52047,7.569035,7.881525,2
-27.893066,-71.105957,1025.085449,2.565208,24.727543,4.570368,2
-926.269531,-22.521973,-305.297852,6.660461,-2.39563,0.099182,1
-73.181152,-83.557129,941.40625,-3.202614,-9.63525,13.832453,2
-82.580566,-40.222168,1175.65918,15.512291,-4.012386,-1.25086,2
-129.638672,-168.823242,1041.809082,28.390709,-2.349178,-5.630133,2
-164.733887,65.490723,1041.503906,12.513939,-29.700558,15.457514,2
-62.561035,-69.580078,1099.67041,17.556969,-6.423275,2.312067,2
-1384.94873,-250.732422,170.837402,41.908264,49.453735,-14.297485,3
-113.891602,-43.518066,967.590332,0.161949,6.348331,-3.440496,2
68.969727,112.670898,1064.39209,2.626244,-14.006893,9.148005,2
71.105957,-42.297363,992.248535,-10.31321,-2.730648,-18.821356,2
-67.565918,-91.85791,1008.300781,-20.719704,10.643681,-0.510809,2
20.080566,60.424805,983.032227,-8.726295,-0.663082,-16.685125,2
-881.04248,-1122.924805,276.611328,-13.778687,22.377014,78.315735,3
-91.003418,-134.70459,946.105957,-3.896889,22.263248,-12.84754,2
-1400.32959,-636.535645,248.596191,8.049011,64.51416,-24.383545,3
-2000,499.206543,-24.108887,-9.69696,75.561523,17.486572,3
46.264648,0.732422,986.206055,-10.069069,-2.860348,-19.088385,2
-1373.657227,-232.60498,277.34375,25.115967,53.161621,-32.218933,3
-96.191406,-79.772949,977.050781,-20.628151,12.238224,-6.766912,2
-295.593262,125.549316,889.892578,26.262108,-14.487545,27.687433,2
-128.112793,-94.116211,918.579102,29.451195,8.743961,-11.321661,2
10.925293,-99.243164,1155.212402,0.062767,3.372868,6.035212,2
-2000,50.476074,-364.746094,63.430786,56.060791,-7.453918,3
-89.355469,-150.32959,942.443848,-6.582436,17.288883,-11.497137,2
-23.071289,-65.185547,1030.090332,-5.438026,20.302494,5.653742,2
186.096191,46.569824,886.474609,-15.020546,-10.993282,-18.89765,2
-913.146973,-10.437012,-320.251465,0.335693,-2.471924,0.152588,1
53.588867,-313.293457,266.601562,25.756836,-12.870789,-88.592529,3
-91.552734,76.293945,131.286621,42.137146,-49.812317,-88.218689,3
-1045.349121,-112.426758,114.318848,-1.983643,41.221619,38.330078,3
56.82373,164.0625,1052.612305,6.158653,-18.828671,16.13653,2
123.474121,38.452148,971.923828,-5.788979,-5.60693,-18.760321,2
-118.835449,-105.224609,951.171875,-2.409157,-11.794369,13.48913,2
21.606445,7.324219,1006.774902,1.092735,-29.280941,11.947992,2
138.427734,70.373535,1035.15625,5.525414,-9.543697,-4.485723,2
-464.782715,70.495605,959.960938,32.930199,11.795719,27.191523,2
-909.912109,-3.601074,-312.011719,-4.447937,0.480652,-0.473022,1
-901.245117,4.089355,-326.35498,-4.806519,-0.236511,-0.434875,1
-1089.782715,-347.167969,110.412598,-4.150391,58.517456,0.556946,3
81.542969,-6.286621,865.41748,15.77169,5.638798,8.804682,2
-258.056641,5.371094,913.085938,26.819054,-12.572567,1.953486,2
-907.714844,-3.78418,-315.307617,-2.14386,1.296997,0.244141,1
15.258789,121.154785,809.570312,-7.459816,1.663883,-20.812628,2
48.278809,34.423828,1087.463379,5.639854,-18.828671,17.784479,2
127.502441,-291.931152,620.544434,-107.131958,8.110046,-49.949646,3
-2000,518.981934,996.826172,40.222168,13.526917,16.807556,3
-1947.753906,304.199219,583.068848,35.255432,-5.889893,-58.059692,3
-2000,632.385254,-199.09668,45.417786,117.301941,45.707703,3
-19.165039,-39.550781,888.977051,19.471947,3.365238,15.571955,2
36.010742,45.410156,1090.576172,1.436058,-20.690243,17.181757,2
-905.517578,-0.244141,-316.711426,2.113342,-2.7771,-0.259399,1
-354.370117,-127.929688,55.053711,-44.677734,38.978577,45.814514,3
-318.664551,22.705078,981.384277,16.374413,-5.439083,10.376337,2
-15.014648,10.009766,991.943359,19.700829,-1.052181,6.43194,2
-2000,218.444824,575.256348,62.614441,39.505005,-19.813538,3
-120.97168,-82.641602,1100.280762,18.953148,-6.125729,1.602533,2
-13.85498,-36.682129,1025.695801,-6.742653,16.564091,6.668451,2
-1569.580078,104.309082,185.913086,56.755066,30.853271,-19.271851,3
-1329.406738,-261.59668,182.617188,-46.882629,34.294128,28.488159,3
40.283203,6.958008,1112.670898,-5.636391,-21.521847,16.373041,2
-908.752441,2.563477,-322.021484,-2.197266,-3.135681,-0.717163,1
-2000,852.905273,-574.584961,102.890015,-34.317017,-22.018433,3
81.542969,-6.469727,-210.449219,-20.729065,-46.577454,2.693176,3
60.913086,9.155273,1001.342773,-2.256569,-0.464718,-21.049139,2
-31.616211,-132.93457,1032.226562,-29.020485,10.735233,0.786188,2
-303.710938,299.865723,-228.271484,-27.030945,-15.678406,13.48877,3
-46.569824,0.488281,966.003418,26.040855,3.380497,11.001947,2
21.30127,-129.089355,1036.437988,-1.753029,34.149845,-3.539679,2
-303.100586,20.812988,130.859375,-52.238464,1.38855,19.683838,3
-173.583984,-54.56543,917.175293,-9.107765,-28.235714,-5.477545,2
-122.192383,-43.640137,936.462402,35.547081,-0.479977,-7.407782,2
-796.142578,75.012207,-18.554688,26.908875,2.876282,24.040222,3
-909.912109,-6.713867,-312.255859,2.929688,-1.548767,0.061035,1
11.291504,-115.844727,1135.803223,11.827293,-2.166073,3.349665,2
-1412.841797,1.281738,-22.827148,11.886597,86.517334,-38.223267,3
129.516602,-101.989746,1128.845215,8.043114,-2.44836,6.729486,2
-19.348145,-32.958984,1027.282715,-2.714333,16.480167,7.294062,2
-521.42334,197.753906,-10.131836,19.683838,-18.89801,28.198242,3
-1061.340332,-173.828125,114.868164,-62.393188,21.408081,61.775208,3
-407.409668,86.486816,943.847656,31.52639,5.570133,30.342463,2
50.964355,-98.205566,1120.178223,-1.928505,3.84589,6.698969,2
15.563965,-108.154297,1139.099121,14.428917,-2.379696,3.570917,2
-747.070312,-714.84375,-758.178711,-34.934998,-36.651611,128.02124,3
-53.649902,4.516602,962.219238,22.104088,4.357059,12.398127,2
32.958984,72.32666,987.060547,-6.765541,-6.263058,-15.105841,2
82.519531,26.855469,980.407715,26.498619,3.250797,-21.079657,2
-1877.441406,-847.77832,-936.218262,-26.077271,74.424744,86.532593,3
-19.53125,90.209961,837.82959,2.176109,0.427921,-12.763617,2
-27.038574,82.336426,1009.033203,11.705223,-21.048824,17.036798,2
-2000,-33.691406,-738.15918,-95.779419,-20.042419,23.727417,3
-2000,-458.251953,341.73584,122.032166,107.955933,35.202026,3
9.216309,-48.76709,1026.672363,2.496544,-14.182369,12.390497,2
-91.61377,-129.943848,962.82959,-9.000954,15.984257,-8.880255,2
-58.959961,-143.676758,1248.901367,32.716576,7.767399,2.792719,2
7.69043,-88.134766,1025.57373,-7.452187,25.925358,2.029779,2
-37.475586,-25.390625,1005.371094,-11.541542,20.821293,8.064631,2
15.930176,251.708984,65.612793,-33.52356,-6.217957,18.280029,3
-363.28125,255.432129,-186.584473,-1.296997,-31.288147,20.41626,3
-2000,251.464844,-411.254883,103.874207,51.055908,-13.595581,3
64.453125,-15.563965,1085.998535,4.472557,-29.059689,14.801386,2
-912.414551,-4.394531,-323.303223,3.143311,-0.617981,0.091553,1
-27.404785,32.714844,962.402344,17.92318,-1.57861,11.444452,2
-94.299316,102.233887,860.168457,5.838219,9.072025,-11.443731,2
-113.220215,-152.34375,946.777344,-8.176979,16.174992,-9.498236,2
-1862.670898,-194.946289,-172.058105,90.454102,86.196899,10.5896,3
-17.63916,97.839355,789.978027,9.706322,1.389225,-15.250799,2
-799.865723,89.782715,65.795898,46.394348,11.314392,12.481689,3
-1282.592773,-322.998047,-28.564453,39.764404,20.591736,11.810303,3
73.669434,35.27832,1071.289062,6.974998,-18.805782,17.814997,2
-1627.258301,-557.250977,-872.680664,35.02655,-53.100586,99.578857,3
-75.744629,151.245117,2.807617,-38.246155,-18.257141,15.937805,3
-65.246582,-148.31543,951.11084,-7.200417,16.31995,-10.123846,2
-1111.877441,133.605957,223.388672,88.424683,39.901733,-57.426453,3
101.257324,-44.433594,1077.941895,1.893822,-11.321346,8.171442,2
-1052.001953,-250,29.846191,-6.347656,45.471191,16.151428,3
40.771484,-13.427734,1064.27002,5.082909,-25.313656,14.969233,2
-911.315918,-3.417969,-309.997559,-5.821228,0.679016,-0.358582,1
-1485.595703,60.119629,328.979492,75.942993,-3.890991,-52.154541,3
-32.043457,-63.903809,1035.522461,-6.9105,18.440922,5.356195,2
-666.870117,486.206055,-1033.874512,63.087463,-54.985046,-53.596497,3
126.281738,-129.760742,1149.780273,6.006065,0.008304,5.020502,2
-1806.70166,812.255859,113.342285,5.081177,4.272461,-4.554749,3
-332.519531,-36.254883,1014.221191,13.734642,4.700382,15.083673,2
-1069.885254,644.958496,-1127.624512,133.224487,8.216858,-112.167358,3
-82.214355,-140.930176,1050.78125,8.920494,5.264957,-4.829046,2
-2000,87.524414,-785.766602,-91.194153,-0.923157,25.367737,3
-843.322754,651.123047,-1582.214355,73.944092,-22.628784,-47.50061,3
332.824707,-202.880859,-130.981445,23.986816,-60.684204,-16.548157,3
-892.578125,26.306152,-333.679199,7.507324,-0.541687,0.526428,1
-11.779785,12.634277,941.894531,23.309532,-1.792233,18.196466,2
-50.598145,-4.821777,956.115723,22.905174,5.928715,14.358881,2
189.51416,23.254395,1058.654785,13.284508,-0.388424,-6.461737,2
-116.577148,-87.463379,967.407227,5.31179,-0.81567,15.480402,2
-461.242676,247.009277,-86.120605,23.590088,-23.254395,9.643555,3
-2000,-241.455078,636.230469,-42.625427,-10.643005,52.482605,3
-3.723145,-42.114258,993.103027,-14.326271,19.631107,7.255915,2
-443.359375,145.141602,-1070.3125,3.250122,-39.268494,-57.327271,3
-1578.674316,322.875977,57.373047,39.123535,38.795471,-5.744934,3
-1525.146484,114.562988,268.859863,21.217346,34.469604,-16.769409,3
94.055176,228.149414,-783.447266,37.918091,-23.780823,-67.070007,3
186.645508,84.777832,1082.824707,2.557579,-15.090267,-4.15003,2
98.022461,202.941895,53.894043,-15.953064,-30.86853,16.578674,3
-912.536621,-4.821777,-320.129395,3.738403,-1.487732,-0.190735,1
-53.100586,-72.753906,1012.145996,8.249107,20.012577,4.501703,2
-2000,217.346191,-556.274414,-54.664612,83.992004,31.188965,3
-42.96875,-86.303711,1014.465332,-25.846657,11.353214,2.136591,2
6.286621,-100.891113,1024.230957,3.228966,31.69318,2.991083,2
25.939941,50.354004,1019.348145,14.398399,-1.82275,-8.422491,2
-2000,129.577637,656.738281,46.859741,20.355225,-74.234009,3
135.803223,-10.742188,881.591797,16.397301,4.746159,3.15893,2
0.427246,-50.170898,1042.84668,-4.057106,-12.610714,12.192133,2
-1374.145508,150.085449,153.625488,66.627502,29.762268,-20.904541,3
-2000,382.202148,-613.40332,-33.157349,121.650696,23.696899,3
88.317871,-101.013184,1008.605957,-16.920265,9.094913,-16.738531,2
37.04834,-83.740234,1112.792969,6.852928,0.038822,-5.744574,2
-2000,-548.828125,213.684082,8.155823,15.586853,55.854797,3
156.677246,50.109863,1013.73291,5.075279,-5.317013,-7.506964,2
-908.26416,-3.479004,-311.096191,-2.876282,-0.282288,-0.144958,1
-17.333984,24.597168,902.832031,21.844688,-0.045101,15.732172,2
-108.154297,15.258789,1118.408203,18.358055,-0.06036,1.13714,2
-34.484863,16.418457,964.355469,26.132408,3.235538,8.964899,2
-134.155273,-2.380371,906.188965,44.717613,-6.408016,-5.080816,2
142.333984,284.545898,160.339355,-16.410828,-35.079956,11.901855,3
-1221.740723,-293.151855,220.275879,-41.427612,17.14325,30.49469,3
118.713379,-126.037598,1023.010254,-11.358437,12.741764,-14.632818,2
-910.03418,-31.616211,-304.443359,4.058838,-0.617981,0.091553,1
-5.615234,43.273926,976.257324,11.87307,-7.354061,3.40307,2
-10.253906,45.288086,988.891602,9.294334,-10.352413,-1.197454,2
-912.29248,15.991211,-324.645996,2.365112,0.549316,-0.175476,1
219.177246,173.76709,1.342773,15.815735,-27.404785,-54.801941,3
424.01123,60.791016,-608.337402,-35.926819,10.864258,34.698486,3
376.037598,369.506836,16.418457,-15.632629,-80.467224,-38.391113,3
57.739258,75.256348,781.921387,-3.431496,-5.317013,-15.044806,2
-1349.304199,-166.870117,502.258301,-18.013,-37.17804,9.025574,3
-1887.084961,538.818359,-1330.871582,133.407593,-2.105713,-3.349304,3
-1971.191406,133.056641,-51.025391,67.047119,9.872437,-35.713196,3
50.537109,-16.662598,867.553711,16.610924,8.972843,12.138727,2
-910.03418,-3.234863,-319.030762,-4.959106,-0.747681,-0.411987,1
-0.549316,-10.375977,382.141113,18.02063,-45.845032,-76.446533,3
-1350.097656,755.67627,-1576.477051,127.357483,-3.959656,-65.826416,3
-26.855469,-121.582031,1027.160645,-29.279884,10.582645,0.625971,2
-35.400391,36.071777,942.687988,19.723717,-0.289242,13.962152,2
-247.680664,46.325684,1025.57373,13.192955,-16.661922,15.907648,2
-909.973145,-0.610352,-315.917969,-5.66864,0.1297,0.343323,1
-1259.82666,-336.791992,217.346191,-37.078857,6.355286,42.678833,3
-1307.617188,-229.003906,336.791992,3.662109,48.171997,38.352966,3
5.615234,-101.135254,1029.541016,-7.948097,26.566227,-0.11408,2
-150.695801,-76.538086,940.307617,17.91555,-9.322445,1.221064,2
-63.171387,-83.190918,1211.975098,1.176659,-6.438534,1.510981,2
38.818359,-116.760254,1130.432129,10.751549,-0.57153,3.433588,2
-2000,199.584961,-611.14502,-101.974487,-80.543518,20.28656,3
-47.302246,-79.89502,1027.404785,-13.342079,12.528141,5.012873,2
-110.290527,77.758789,835.388184,1.687828,12.337406,-17.654058,2
-1015.74707,-85.998535,-99.54834,30.136108,27.084351,16.723633,3
-1086.669922,-1203.979492,-323.486328,-21.751404,-15.74707,89.256287,3
-3.662109,-84.289551,1002.685547,6.219688,27.130802,6.142023,2
-1424.072266,-344.482422,237.365723,-89.126587,-72.845459,-1.091003,3
164.245605,11.962891,899.597168,13.391319,3.632267,-6.530401,2
23.803711,-27.893066,991.027832,0.917259,-19.202511,12.939814,2
-1798.034668,-292.419434,-4.455566,85.342407,114.768982,32.302856,3
-92.529297,-75.134277,940.063477,-6.643471,28.122623,-15.296576,2
34.423828,-137.939453,1044.189453,-9.748634,25.696476,-6.194708,2
-83.374023,-45.959473,1074.401855,20.868126,-7.476131,-0.831243,2
-124.938965,-15.686035,890.625,-1.188454,25.39893,-15.884039,2
117.30957,108.886719,177.856445,14.10675,-36.697388,-64.071655,3
94.238281,52.062988,1004.516602,42.695824,-2.723019,3.021601,2
195.373535,-125.549316,-167.907715,-2.624512,-57.998657,-5.523682,3
-58.959961,-101.501465,1019.226074,-22.634682,9.468754,-1.037237,2
36.437988,-113.769531,1026.306152,-1.371559,32.593449,-5.759832,2
5.79834,-96.313477,1014.587402,5.678001,28.938969,5.508783,2
-903.808594,-2.075195,-324.09668,5.592346,-1.228333,0.274658,1
-1388.85498,-423.339844,275.32959,-64.285278,-7.797241,16.181946,3
-1140.441895,-415.83252,207.885742,55.381775,43.716431,4.28772,3
-190.795898,126.403809,974.487305,21.936241,-30.494015,25.856379,2
161.743164,-6.713867,857.36084,4.678551,5.272587,-4.264471,2
-2000,-919.128418,-993.530273,-62.080383,-29.426575,88.340759,3
3.78418,79.528809,1032.165527,13.849083,-16.013424,14.221552,2
-212.097168,-43.212891,909.057617,14.64254,-4.882137,6.386164,2
-69.335938,-62.62207,1018.188477,8.767906,16.94556,3.425959,2
351.745605,73.486328,125.549316,-17.921448,-37.773132,-62.919617,3
249.267578,-60.119629,50.415039,44.0979,10.879517,-53.459167,3